1, Admin
8332, Supervisor
7430, Supervisor
9953, Supervisor
3232, Supervisor
5892, Supervisor
2813, Supervisor
4840, Supervisor
885, Supervisor
9928, Supervisor
1125, Supervisor
5359, Supervisor
2392, Supervisor
4421, Supervisor
6653, Supervisor
2349, Supervisor
3342, Supervisor
4618, Supervisor
8143, Agent
5737, Agent
7399, Agent
6916, Agent
1589, Agent
5397, Agent
4389, Agent
8377, Agent
6179, Agent
3430, Agent
9748, Agent
1503, Agent
9332, Agent
1591, Agent
2062, Agent
5393, Agent
3535, Agent
19284, Agent
1796, Agent
29284, Agent
8901, Agent
6537, Agent
1517, Agent
3610, Agent
6123, Agent
801, Agent
6, Agent
5649, Agent
9723, Agent
4119, Agent
6678, Agent
5179, Agent
5334, Agent
9621, Agent
5993, Agent
9575, Agent
4632, Agent
9238, Agent
1762, Agent
356, Agent
1119, Agent
7028, Agent
4236, Agent
7086, Agent
8522, Agent
4686, Agent
9443, Agent
1573, Agent
4671, Agent
5168, Agent
9217, Agent
959, Agent
6622, Agent
2257, Agent
3213, Agent
4302, Agent
1930, Agent
6361, Agent
3567, Agent
1863, Agent
944, Agent
1555, Agent
6369, Agent
9470, Agent
7196, Agent
1763, Agent
8338, Agent
9579, Agent
5959, Agent
3849, Agent
7700, Agent
4739, Agent
6235, Agent
8363, Agent
4103, Agent
5837, Agent
2034, Agent
3480, Agent
48, Agent
2615, Agent
5852, Agent
1874, Agent
183, Agent
3421, Agent
3488, Agent
7050, Agent
9441, Agent
3948, Agent
1038, Agent
8518, Agent
8068, Agent
2317, Agent
6166, Agent
3823, Agent
6366, Agent